,index,acc,val_acc,loss,val_loss,batch
0,0,0.880133327235,0.974399995625,0.386497496849,0.0907140732569,1.0
1,1,0.961316660752,0.980399996758,0.137881687303,0.0694618058907,1.0
2,2,0.96941666165,0.98269999665,0.11097156657,0.0596456373761,1.0
3,3,0.97503332897,0.982599996865,0.0924844421703,0.0612335307895,1.0
4,4,0.977149995933,0.985899997115,0.08151061947,0.046630666219,1.0
5,5,0.979833329489,0.985499997079,0.0733707949489,0.0526457981123,1.0
6,6,0.980833329618,0.987899997711,0.0664333052628,0.0428585353042,1.0
7,7,0.981933329672,0.986899997592,0.0639303341099,0.0487001223827,1.0
8,8,0.983749996732,0.985799997389,0.0562888832459,0.0563120606143,1.0
9,9,0.985333330403,0.987099997759,0.0517330649081,0.0504502518583,1.0
10,10,0.985033330421,0.988699997544,0.0513147543482,0.0441123487011,1.0
11,11,0.986966664006,0.98989999789,0.0456693990695,0.040913573344,1.0
12,12,0.987083330691,0.98939999795,0.0460240307529,0.04513937086,1.0
13,13,0.987683330814,0.988999997914,0.043509520412,0.0428242110241,1.0
14,14,0.987549997459,0.988799997866,0.0434666033254,0.0485651040826,1.0
15,15,0.988783330947,0.987099997401,0.03890898041,0.0521220723067,1.0
16,16,0.989616664479,0.988199997962,0.0370808010225,0.0431835843351,1.0
17,17,0.989566664437,0.98709999758,0.0359238288422,0.0551848925453,1.0
18,18,0.989833331267,0.989099997818,0.0346253408011,0.0462910252714,1.0
19,19,0.990999998063,0.984899997354,0.0309735962716,0.0585556893585,1.0
20,20,0.990816664686,0.989999997854,0.030078127068,0.0429402818604,1.0
21,21,0.991266664763,0.991199998319,0.030005977589,0.0405064976206,1.0
22,22,0.991466664871,0.989299997985,0.0297265072943,0.0481037525686,1.0
23,23,0.992083331605,0.990599998057,0.0275971718293,0.0427363452766,1.0
24,24,0.990866664688,0.989299997926,0.0312694106533,0.0510123736175,1.0
25,25,0.991266664783,0.987799997687,0.028394809613,0.0631152421356,1.0
26,26,0.991866664966,0.987999997675,0.0266643531962,0.0551564111497,1.0
27,27,0.992433331698,0.990499998033,0.0266365763351,0.0443045965267,1.0
28,28,0.992366665016,0.988999997556,0.0254483084439,0.0440235181204,1.0
29,29,0.992416664958,0.990499998152,0.0260431445635,0.0431238090475,1.0
30,30,0.992649998367,0.989299998045,0.0246192968027,0.0496995455003,1.0
31,31,0.993616665234,0.990499998033,0.0229490205297,0.0466342090335,1.0
32,32,0.99248333169,0.990099998176,0.0250842981267,0.0523617344,1.0
33,33,0.993016665141,0.988799997985,0.0235990001249,0.0528100232759,1.0
34,34,0.994083332032,0.99039999795,0.0206014261372,0.0462442018284,1.0
35,35,0.994199998697,0.988499997675,0.0211365874512,0.0582831543675,1.0
36,36,0.993966665318,0.990599998116,0.0198223136011,0.053096849481,1.0
37,37,0.993899998625,0.990099998236,0.0221908933358,0.0501975918947,1.0
38,0,0.859199995633,0.969099994898,0.44621819793,0.100626877761,2.0
39,1,0.956383326352,0.974699995399,0.15449101576,0.0795195754242,2.0
40,2,0.967316660484,0.976399995565,0.115345528923,0.0776563780067,2.0
41,3,0.97411666135,0.984199996829,0.0935386649931,0.054240098619,2.0
42,4,0.976099995077,0.983099996567,0.0839262546708,0.0630929111442,2.0
43,5,0.979866662204,0.986499997258,0.07091824689,0.0481374018682,2.0
44,6,0.981199995875,0.98779999733,0.064554142087,0.0451242911876,2.0
45,7,0.982566662808,0.985799996972,0.0597345268904,0.0491434897007,2.0
46,8,0.984349996487,0.986499997139,0.056837550751,0.0472677788584,2.0
47,9,0.98494999669,0.988399997711,0.0503038930416,0.0453673551134,2.0
48,10,0.985833330115,0.986799997211,0.0494511007536,0.0499709748657,2.0
49,11,0.986883330345,0.98889999783,0.0443409602108,0.0453937738669,2.0
50,12,0.987099997004,0.988799997687,0.0417045845877,0.0442628753687,2.0
51,13,0.988966664175,0.990099997759,0.037541987929,0.0409551974162,2.0
52,14,0.988883330782,0.987899997354,0.0362365046237,0.0482109415671,2.0
53,15,0.989433330894,0.989699997783,0.0360286276674,0.0409047096432,2.0
54,16,0.989233330846,0.988799997687,0.0346317301017,0.047845718882,2.0
55,17,0.990433331052,0.988499997735,0.0333092377458,0.0464688294942,2.0
56,18,0.990349997818,0.989499997854,0.0313540521947,0.0427349221565,2.0
57,19,0.991266664604,0.990099997878,0.0290236761208,0.0429181846955,2.0
58,20,0.990866664489,0.987599997282,0.0296625116173,0.0501961922799,2.0
59,21,0.991733331422,0.989299997687,0.02787477447,0.041645189442,2.0
60,22,0.991799998085,0.990099997878,0.0271421181419,0.0456050531377,2.0
61,23,0.992566664934,0.988999997616,0.0241678914053,0.0506248368481,2.0
62,24,0.992666665057,0.987299997449,0.0243926548161,0.0526538990717,2.0
63,25,0.992683331649,0.990899998069,0.0245800937228,0.0400076176848,2.0
64,26,0.9937666652,0.988399997592,0.0203556929005,0.0467765201202,2.0
65,27,0.993116665045,0.990799997926,0.0219383477155,0.0422834121713,2.0
66,28,0.994066665252,0.988199997544,0.0190880868965,0.0502221513059,2.0
67,29,0.993166665037,0.988099997759,0.022744345016,0.0518759124707,2.0
68,30,0.993683331847,0.988699997663,0.0203388150771,0.0466472017921,2.0
69,31,0.993599998474,0.989499998212,0.0207948784845,0.0477909516409,2.0
70,32,0.994649998724,0.99039999795,0.0173466818017,0.0446964279752,2.0
71,33,0.994333332002,0.990199997902,0.0191737243372,0.0456150927433,2.0
72,34,0.994149998605,0.989699998021,0.0198426996937,0.0505993451836,2.0
73,35,0.993899998546,0.990299998045,0.019189494896,0.0480067194614,2.0
74,36,0.994716665407,0.99099999845,0.0163277839884,0.0446209753412,2.0
75,37,0.995016665479,0.988799997687,0.0166394118357,0.0563095553443,2.0
76,38,0.995483332256,0.991299998283,0.0146251132679,0.0499897585303,2.0
77,39,0.99506666551,0.989599998116,0.0162530577454,0.0478909885774,2.0
78,40,0.995383332233,0.990999998093,0.0143018774771,0.0499603786134,2.0
79,41,0.995133332173,0.990299997926,0.0162757910318,0.0511734190277,2.0
80,42,0.995433332264,0.991099997878,0.0151450091208,0.0453028401844,2.0
81,43,0.995816665669,0.989499997735,0.014221297329,0.0514152998814,2.0
82,44,0.99609999907,0.989999997854,0.013526145361,0.0486345242722,2.0
83,45,0.995916665693,0.990599997878,0.013413253844,0.0513862060124,2.0
84,46,0.995449998915,0.99069999814,0.0139365373041,0.0488189604569,2.0
85,47,0.996149999082,0.989999997973,0.0132735355794,0.0536776579079,2.0
86,48,0.996316665788,0.988799997807,0.0114020311009,0.0670269582752,2.0
87,49,0.995549998939,0.989799997926,0.0158867920287,0.0538967337084,2.0
88,50,0.995999999046,0.990799998164,0.0125896416803,0.0454352330083,2.0
89,51,0.995949999034,0.989799998164,0.014754058857,0.053347128041,2.0
90,52,0.996733332554,0.991099998116,0.0112170132809,0.0511603646237,2.0
91,53,0.996466665824,0.991099998116,0.0116387957141,0.0491665334441,2.0
92,54,0.997083332638,0.990499997973,0.0101705809825,0.0509469207306,2.0
93,0,0.8001499994,0.960300004959,0.616207623479,0.125972236855,4.0
94,1,0.9443666689,0.975300005913,0.189706932043,0.0846776057534,4.0
95,2,0.959916671912,0.977400004864,0.14284052124,0.0719661597342,4.0
96,3,0.967566672683,0.981400005817,0.116897196578,0.0667682107289,4.0
97,4,0.97223334074,0.983900005102,0.0992682801968,0.0537217734891,4.0
98,5,0.974933339516,0.984400004864,0.0883613554114,0.0516923858441,4.0
99,6,0.976550007105,0.98500000596,0.0836485387782,0.0488112680172,4.0
100,7,0.97896667397,0.984200004578,0.072367047034,0.0553686209722,4.0
101,8,0.980650008122,0.98700000596,0.0679112500871,0.0487949992589,4.0
102,9,0.981800007701,0.985900005341,0.063307376381,0.0485020100315,4.0
103,10,0.982416674058,0.987600006104,0.0602993894335,0.0457517425489,4.0
104,11,0.983966673533,0.98710000515,0.0567528775428,0.0452849559541,4.0
105,12,0.984233340621,0.98850000453,0.0544899554836,0.0418196463209,4.0
106,13,0.985116672993,0.987800004959,0.0509798453384,0.041406904656,4.0
107,14,0.986316673557,0.98700000596,0.0475525795451,0.0475574645223,4.0
108,15,0.987300006628,0.985600004196,0.0438616264727,0.0508706570161,4.0
109,16,0.987250006636,0.986900005579,0.0437043772238,0.0487631206704,4.0
110,17,0.987750006278,0.988000005484,0.0417729997493,0.0452995276714,4.0
111,18,0.988333339453,0.988800006151,0.0398416140778,0.0440569473569,4.0
112,19,0.989016673446,0.989000004768,0.0363985200761,0.0424582176985,4.0
113,20,0.989400006215,0.987400005579,0.0370433970907,0.0472040423789,4.0
114,21,0.989983338873,0.987100004911,0.0335976378062,0.0497646737561,4.0
115,22,0.990700005929,0.988500004768,0.0319814662013,0.0457729826711,4.0
116,23,0.990383338968,0.989400004864,0.0312496656628,0.041084341966,4.0
117,24,0.9909000055,0.988700004578,0.0305342304707,0.0439455115417,4.0
118,25,0.991100005507,0.989600004196,0.0299851078425,0.0442804581395,4.0
119,26,0.991266672095,0.988800004959,0.0282564244722,0.0448234825898,4.0
120,27,0.992516671459,0.989800004721,0.0259505512671,0.0452608045208,4.0
121,28,0.99211667188,0.98920000577,0.0261204727678,0.0438733981389,4.0
122,29,0.992000005047,0.990200004339,0.0255499007632,0.0461553746534,4.0
123,30,0.992450004975,0.989300004959,0.0254156112237,0.0439466544688,4.0
124,31,0.992300004681,0.98980000329,0.0253528394394,0.0468940889344,4.0
125,32,0.992716671268,0.989700005054,0.0237350219621,0.0452689758833,4.0
126,33,0.993266671459,0.989600004911,0.0211767464347,0.0464147840836,4.0
127,34,0.993100004673,0.989800005198,0.0229355890583,0.0462237402677,4.0
128,35,0.993933337649,0.990100004435,0.0199464194602,0.0449307006244,4.0
129,36,0.993733337879,0.989800004959,0.0198654602966,0.0437293919191,4.0
130,37,0.993433338165,0.989800004721,0.0203115466507,0.04662222833,4.0
131,38,0.993833337426,0.989800005674,0.0198529431384,0.0415069855424,4.0
132,39,0.993783337951,0.990900004148,0.0195538040585,0.045016941562,4.0
133,40,0.99440000391,0.990000005007,0.0188957858975,0.0459534752995,4.0
134,41,0.994333337148,0.990000005007,0.0185803456438,0.0474015846081,4.0
135,42,0.994766670704,0.990200004578,0.0180852825456,0.043684951288,4.0
136,43,0.99463333718,0.989200004578,0.0178814112361,0.0480407043792,4.0
137,44,0.994983336965,0.990300003529,0.016390985916,0.0490965543629,4.0
138,45,0.99465000391,0.988400004148,0.0175089128527,0.052780756449,4.0
139,46,0.995100003799,0.989400003672,0.0156128631172,0.050684253712,4.0
140,47,0.994950003942,0.989800004959,0.0162259691005,0.048315178211,4.0
141,48,0.995000004013,0.989400004625,0.0157799732096,0.0491735236939,4.0
142,49,0.995416670243,0.990200004578,0.0145533742726,0.0473645909309,4.0
143,50,0.995983336488,0.989700004578,0.012967038235,0.0523243429766,4.0
144,51,0.995250003695,0.989700004339,0.0156832660611,0.0499301000404,4.0
145,52,0.99580000329,0.989200004339,0.0130674168409,0.05019250827,4.0
146,53,0.995266670426,0.990500004768,0.0155183175952,0.0492267684162,4.0
147,54,0.995600003481,0.989200005531,0.014427174024,0.0520201037064,4.0
148,55,0.996033336282,0.989400004148,0.012198804641,0.0555839446627,4.0
149,0,0.72581666762,0.952299996853,0.838546202093,0.162885689585,6.0
150,1,0.924566664398,0.967899995565,0.258493903894,0.103990786902,6.0
151,2,0.945949994385,0.973599996567,0.186896584097,0.0876416871786,6.0
152,3,0.955566661,0.978999997497,0.15331956189,0.0722104744748,6.0
153,4,0.961533327878,0.980399996877,0.133055671735,0.0629922488218,6.0
154,5,0.966733328581,0.979799997807,0.119566194343,0.0635506581066,6.0
155,6,0.968783328712,0.983099998593,0.108949067355,0.0559786367751,6.0
156,7,0.971799996078,0.980699998379,0.0990605291245,0.0604233648311,6.0
157,8,0.973083330333,0.986099999666,0.0952181150159,0.0508851286669,6.0
158,9,0.976083331287,0.985200000167,0.0870566128027,0.0558017404245,6.0
159,10,0.97739999783,0.985900000572,0.0821468129491,0.047708259375,6.0
160,11,0.978566664934,0.985499998808,0.0763668723856,0.0495647845994,6.0
161,12,0.979483331561,0.985300000429,0.0738097004445,0.0522400453955,6.0
162,13,0.980083331943,0.984900000095,0.0705205083394,0.0512463567161,6.0
163,14,0.981549999774,0.986300000191,0.0667010272467,0.0490016243707,6.0
164,15,0.981799999118,0.987099998713,0.0656117009254,0.0479378995537,6.0
165,16,0.981766666472,0.985899997711,0.0632645260997,0.0505543802077,6.0
166,17,0.982616666198,0.988000000358,0.060246665535,0.047721835563,6.0
167,18,0.983916667402,0.987499999046,0.0554051706232,0.0463615608385,6.0
168,19,0.98398333323,0.986400001168,0.0560359205122,0.0520189335213,6.0
169,20,0.984433333635,0.989099998951,0.0527490568947,0.0447322137,6.0
170,21,0.984983334184,0.988000001073,0.0513042850987,0.0451632374692,6.0
171,22,0.984916666746,0.988500000954,0.0514180595663,0.0441051457309,6.0
172,23,0.986150001168,0.988700000048,0.0474660257302,0.0449366622135,6.0
173,24,0.986100000799,0.988699999332,0.0468187434963,0.0462832004888,6.0
174,25,0.987416667759,0.989399999738,0.0439372903169,0.0463254433897,6.0
175,26,0.987333335161,0.987699999571,0.0430437642036,0.0478978178038,6.0
176,27,0.987616668224,0.988100000262,0.0422467112666,0.0484147748753,6.0
177,28,0.987416667521,0.988300000429,0.0417149050939,0.0471836811225,6.0
178,29,0.98861666882,0.988400000334,0.0390687509397,0.045850781533,6.0
179,30,0.988500002444,0.986800001502,0.037732250771,0.0469561994537,6.0
180,31,0.989233335733,0.987200001121,0.0377042721125,0.0485688494656,6.0
181,32,0.989700002909,0.988000000358,0.034758658077,0.0469278046826,6.0
182,33,0.989366669118,0.988399999976,0.0350638759492,0.0501797714518,6.0
183,34,0.990050002217,0.989100001454,0.0330530565294,0.0468022781357,6.0
184,35,0.990300002873,0.988200000525,0.033253124547,0.0520417082246,6.0
185,36,0.989816668689,0.988899999857,0.0323007408595,0.0481589527006,6.0
186,37,0.990533335686,0.988999999404,0.0314440781944,0.0449198640217,6.0
187,38,0.98991666919,0.989500000715,0.0316085099448,0.0457234038137,6.0
188,39,0.990516669512,0.989700000882,0.0311722793917,0.0438101974731,6.0
189,40,0.991250002742,0.98880000031,0.0280818588314,0.0497030814689,6.0
190,41,0.990766669393,0.987300000668,0.0297759969789,0.0468345392534,6.0
191,42,0.991383336425,0.988099999905,0.0291835900927,0.0479746389594,6.0
192,43,0.991850002646,0.989900000334,0.02692105401,0.0434741024921,6.0
193,44,0.991616668761,0.989400000453,0.0266974513172,0.0445721704968,6.0
194,45,0.991700002491,0.989400001526,0.0270685994687,0.0435875184635,6.0
195,46,0.992233336091,0.989400000453,0.0253219051337,0.0484323852586,6.0
196,47,0.992783335388,0.988599999428,0.0233600210284,0.0479115661908,6.0
197,48,0.992650002956,0.989800001144,0.0241231631727,0.0459403923449,6.0
198,49,0.992616669118,0.988899999499,0.024794703059,0.0485749895481,6.0
199,50,0.992766669154,0.989599999905,0.0244808165851,0.0467150635447,6.0
200,51,0.992833336234,0.989900000691,0.0238776843743,0.0466036901,6.0
201,52,0.993283335686,0.990099999785,0.0220926617163,0.0468665308732,6.0
202,53,0.993350002229,0.989299999475,0.0213076138058,0.0498656222061,6.0
203,54,0.992850002766,0.989000000477,0.0221149715773,0.0486274237327,6.0
204,55,0.993800002038,0.990300001025,0.0209846773377,0.0495539783242,6.0
205,56,0.993783335984,0.989400001526,0.0209939693682,0.0492896285619,6.0
206,57,0.993733335972,0.989400001526,0.020420363857,0.049376743789,6.0
207,58,0.994200002551,0.98939999938,0.0199243189621,0.0510878588356,6.0
208,59,0.993933335841,0.990100001216,0.0201234932956,0.0459982023153,6.0
209,60,0.994316669583,0.990000000596,0.0190532691822,0.0464364520548,6.0
210,61,0.993766669571,0.990900001168,0.0199888166867,0.0471775015146,6.0
211,62,0.994083335757,0.98960000062,0.0197217601191,0.0459358666218,6.0
212,63,0.994633335769,0.989500001788,0.0172394755927,0.0459799143152,6.0
213,64,0.994183335364,0.99040000093,0.0189081650331,0.0515189772614,6.0
214,65,0.994700003147,0.990800000548,0.0177629207141,0.0494711912262,6.0
215,66,0.994416668892,0.989699999809,0.0190284086461,0.045718160121,6.0
216,67,0.99448333621,0.989700000525,0.0173793355706,0.0503539951203,6.0
217,68,0.995016669333,0.989300000191,0.0169030119141,0.0529647124694,6.0
218,69,0.99470000273,0.990200000048,0.0167734227892,0.050331978518,6.0
219,70,0.994883336306,0.990600001454,0.0164220274058,0.0509658822078,6.0
220,71,0.994850002885,0.990400002003,0.0167895310713,0.0509754012949,6.0
221,72,0.995516668916,0.989900001407,0.0156556207517,0.0496685044052,6.0
222,73,0.994550002754,0.989900001764,0.0162092964296,0.0517181068836,6.0
223,74,0.995266669095,0.990100001216,0.0156077492247,0.0508357420323,6.0
224,75,0.995516669214,0.989300001264,0.015740859253,0.0520523267483,6.0
225,76,0.99546666944,0.989500001073,0.0142936017942,0.0488921042021,6.0
226,77,0.995166669607,0.990400000572,0.0151135512394,0.0508284465601,6.0
227,0,0.633533332894,0.933400000572,1.09648996123,0.221166574977,8.0
228,1,0.906366667112,0.957300000191,0.315998387108,0.128429368779,8.0
229,2,0.932983332157,0.967000000954,0.230296402906,0.104713520797,8.0
230,3,0.943933333397,0.97340000248,0.191365681499,0.0862794232354,8.0
231,4,0.952466665586,0.976000002861,0.163548392147,0.0782225162876,8.0
232,5,0.959249999682,0.975500002384,0.145247276815,0.0778379512789,8.0
233,6,0.962000000238,0.976500002861,0.131893299835,0.0754365128095,8.0
234,7,0.965266668876,0.979300001621,0.119712916474,0.0668339597003,8.0
235,8,0.967600001891,0.981300004005,0.112982824452,0.0602290706422,8.0
236,9,0.969366668224,0.97810000515,0.10643394591,0.0755752237952,8.0
237,10,0.97113333861,0.982700004578,0.101144269391,0.0580962532602,8.0
238,11,0.972933337132,0.983600005627,0.0952946832242,0.0556727871595,8.0
239,12,0.973983337084,0.984200005054,0.0905555297472,0.051512447639,8.0
240,13,0.975150004625,0.984000004768,0.0866271037844,0.0525066592657,8.0
241,14,0.976533338944,0.986300004482,0.0800797736353,0.0496926116603,8.0
242,15,0.977416670958,0.986000003338,0.0785223715119,0.0487590822192,8.0
243,16,0.978450006485,0.986300004482,0.0748498775121,0.0498875345093,8.0
244,17,0.97960000515,0.985300005913,0.0708352530034,0.048061252701,8.0
245,18,0.979550006231,0.98630000639,0.0689600350683,0.0470330913185,8.0
246,19,0.980816672246,0.984800005436,0.0671591378969,0.0513110572523,8.0
247,20,0.980966673533,0.986500005722,0.0660895665629,0.0463437561789,8.0
248,21,0.982250007153,0.985800005436,0.0612447490906,0.0483397269572,8.0
249,22,0.982583340009,0.986800004005,0.0614465338532,0.0458373689904,8.0
250,23,0.982600006898,0.98560000515,0.0586199769527,0.0491786458893,8.0
251,24,0.983416674296,0.98610000515,0.0573289381464,0.0493428332533,8.0
252,25,0.983150006294,0.98810000515,0.0567519148563,0.0448561003719,8.0
253,26,0.984150007725,0.985400005817,0.0528984262086,0.0501748753191,8.0
254,27,0.984716673533,0.98690000391,0.0518350545868,0.0468850271346,8.0
255,28,0.984500006517,0.986900006771,0.0507720615775,0.0447775630645,8.0
256,29,0.984983340104,0.987100005627,0.0496938796534,0.0498135465519,8.0
257,30,0.986016673485,0.987100004673,0.0480090722571,0.0462544778311,8.0
258,31,0.986033340136,0.986800006866,0.0478992769991,0.0443098816922,8.0
259,32,0.9863000079,0.986900005341,0.0466469454497,0.0458982597574,8.0
260,33,0.986500006676,0.985500005722,0.0465796838254,0.0513954609411,8.0
261,34,0.987166673581,0.989000004768,0.0432121565395,0.0424514928197,8.0
262,35,0.987366673311,0.988300004959,0.0430285810817,0.043879567371,8.0
263,36,0.987216673215,0.986900006771,0.0423285891303,0.0519283846304,8.0
264,37,0.987266673724,0.987600004196,0.0426502619551,0.0456383548254,8.0
265,38,0.988000007868,0.988500004768,0.0395513822022,0.0449202254206,8.0
266,39,0.988600007375,0.988800004959,0.0379459607432,0.0465961359848,8.0
267,40,0.988550007264,0.988800005913,0.0384517819142,0.0461123926208,8.0
268,41,0.988783339977,0.988000005245,0.0373270954336,0.0474588487729,8.0
269,42,0.989816674074,0.988000006199,0.0353281132123,0.045633700663,8.0
270,43,0.988583340486,0.988400004387,0.0364944797083,0.0480246509693,8.0
271,44,0.989266673883,0.988200005054,0.0354546915335,0.0450004264655,8.0
272,45,0.989683339993,0.988200005531,0.0347273838721,0.0461805271208,8.0
273,46,0.98946667393,0.988100005627,0.0345571036849,0.0429722924341,8.0
274,47,0.990383340041,0.987600004673,0.0323080042913,0.0496308681437,8.0
275,48,0.989783339818,0.988400005341,0.0332810934447,0.0469736653158,8.0
276,49,0.99016667366,0.98910000658,0.0332192698098,0.04669929896,8.0
277,50,0.990050006549,0.98810000515,0.0321794471217,0.0451922610696,8.0
278,51,0.990700007121,0.988500003338,0.0307935350401,0.0470433421174,8.0
279,52,0.990466673136,0.986800004482,0.03059458465,0.0471829745367,8.0
280,53,0.990983339389,0.98840000391,0.0289866464126,0.0476766308661,8.0
281,54,0.990550007184,0.987900004864,0.0302859398944,0.0491506618264,8.0
282,55,0.992216672738,0.988200005531,0.0260925099706,0.0477024781028,8.0
283,56,0.991616673152,0.988800005913,0.0285477402261,0.0453561759801,8.0
284,57,0.991650006374,0.988200005531,0.0278809833769,0.0465117822527,8.0
285,58,0.991216673613,0.988500004292,0.0286235715082,0.0467609852297,8.0
286,59,0.992066672722,0.988800005436,0.0259157166849,0.0469738953104,8.0
287,60,0.991716673056,0.987300005436,0.0265327904487,0.0520244421646,8.0
288,61,0.991583339691,0.988800004005,0.0277060205638,0.0451777248861,8.0
289,62,0.992483338515,0.988300005913,0.024626622528,0.0486899239419,8.0
290,63,0.992850005706,0.987200003624,0.02382935751,0.0496882983457,8.0
291,64,0.992550005754,0.989100003242,0.0235942863851,0.0478553636315,8.0
292,65,0.992333339453,0.988900005817,0.0255631684231,0.0466827839987,8.0
293,0,0.533133332233,0.915700000525,1.4086062475,0.303639847077,10.0
294,1,0.880816665292,0.953400005102,0.401526077713,0.154828654113,10.0
295,2,0.92001666834,0.961800002456,0.273644337741,0.123646217282,10.0
296,3,0.935833333234,0.968400005698,0.221467416373,0.102651210064,10.0
297,4,0.945116667449,0.968500003815,0.192802464912,0.0951736757025,10.0
298,5,0.950716667672,0.973700006008,0.172025903792,0.0841076347945,10.0
299,6,0.954966668785,0.977500007153,0.158089613225,0.0735364085867,10.0
300,7,0.959366670052,0.975000007749,0.141790820199,0.0803166213022,10.0
301,8,0.961733337839,0.976600007415,0.133683075082,0.0738973900804,10.0
302,9,0.963583337863,0.980000007749,0.126145034872,0.0655172459018,10.0
303,10,0.96641667376,0.981500008702,0.120070127478,0.0615136975171,10.0
304,11,0.967000007232,0.982400009036,0.11376445349,0.05938013245,10.0
305,12,0.96898334076,0.981400010586,0.108913483562,0.0601949227295,10.0
306,13,0.972416675488,0.982800008059,0.099833398362,0.0592852004354,10.0
307,14,0.972300009131,0.982800009847,0.0990786467663,0.0583516999381,10.0
308,15,0.972966675659,0.981600009203,0.0936345987922,0.0603755103867,10.0
309,16,0.974950009485,0.983200006485,0.0872692240324,0.0563155555024,10.0
310,17,0.975033342838,0.983900008202,0.0871506735217,0.0546663916007,10.0
311,18,0.976066678266,0.984400007725,0.0829751953126,0.0546011999916,10.0
312,19,0.976116676728,0.984200007915,0.0819351486342,0.0547006367085,10.0
313,20,0.977550010383,0.985100008845,0.0784665405696,0.0517477445201,10.0
314,21,0.977416675091,0.984800007939,0.0770707379825,0.0535039388509,10.0
315,22,0.978600011369,0.98520000875,0.0738493719293,0.0511396762614,10.0
316,23,0.979916677972,0.984700008035,0.070178209461,0.0497572650105,10.0
317,24,0.978766677082,0.985300008655,0.0734610359673,0.0508226690019,10.0
318,25,0.980750011007,0.986200008392,0.0668055619788,0.0491729277873,10.0
319,26,0.980766676764,0.985300008655,0.0667965093383,0.0487103978631,10.0
320,27,0.98118334492,0.987100007534,0.0634381472381,0.0475776878588,10.0
321,28,0.981016677221,0.985100008845,0.0643353469856,0.0521355062383,10.0
322,29,0.981900011599,0.986100007892,0.0624963601974,0.0469943977875,10.0
323,30,0.982516678373,0.986700006723,0.0616853150136,0.0460876135978,10.0
324,31,0.982783343991,0.985900009274,0.0591774532408,0.0492283349244,10.0
325,32,0.982650010288,0.98490000844,0.0591142100686,0.0499204665435,10.0
326,33,0.983666678071,0.985100009441,0.0558807948915,0.0517513232176,10.0
327,34,0.983266677062,0.986400007606,0.054526692554,0.0463093277618,10.0
328,35,0.984016677539,0.98840000689,0.0553984913302,0.0446929470241,10.0
329,36,0.984100010792,0.987600008249,0.0534833826381,0.046479391072,10.0
330,37,0.984316677054,0.986800006628,0.0527210421344,0.0464774134635,10.0
331,38,0.984933343132,0.986700008512,0.050808898261,0.0469764322062,10.0
332,39,0.985283343395,0.986600006819,0.0492330531,0.0465595762123,10.0
333,40,0.985316676795,0.987300006747,0.0516757422701,0.0447494061882,10.0
334,41,0.985950010816,0.98780000627,0.0469788817316,0.0454577407943,10.0
335,42,0.986100010673,0.98780000627,0.0462834940005,0.0453393957768,10.0
336,43,0.986000010868,0.986800007224,0.0477637079649,0.0482339412415,10.0
337,44,0.987466676136,0.988100007176,0.0440026717598,0.0455657190569,10.0
338,45,0.987016676565,0.987500007749,0.0432703012647,0.0457017270312,10.0
339,46,0.987550010184,0.987500007749,0.0426173993805,0.0445217065294,10.0
340,47,0.986750009656,0.986500009298,0.0428021574989,0.04768608794,10.0
341,48,0.987100009322,0.98810000658,0.0430583981331,0.0447544214648,10.0
342,49,0.987450009584,0.987500007153,0.0420600227472,0.0470651240064,10.0
343,50,0.987816676199,0.987900008559,0.0397362372023,0.0468942813406,10.0
344,51,0.988416675429,0.9886000067,0.0395839092097,0.0440203476395,10.0
345,52,0.988150009314,0.987700006962,0.0386874353313,0.0452810449287,10.0
346,53,0.988633343081,0.987500008941,0.0376217587587,0.0454413038728,10.0
347,54,0.988433343073,0.98770000875,0.0379096124641,0.0465067164468,10.0
348,55,0.988616675039,0.988300006986,0.0388106931282,0.0437528534388,10.0
349,56,0.988383342028,0.988200008273,0.0382437620393,0.0446768558075,10.0
350,57,0.988916676144,0.987900005579,0.0360410855868,0.0444300103804,10.0
351,58,0.989316675266,0.987400006652,0.0368673580928,0.0438732320223,10.0
352,59,0.989500008821,0.988100007772,0.0344994237803,0.0463885722794,10.0
353,60,0.989583342373,0.9886000067,0.0339780998339,0.0447979693856,10.0
354,61,0.989916675389,0.987400009036,0.0325424037297,0.053373349296,10.0
355,62,0.989816675285,0.98750000596,0.0332767122381,0.0449128243135,10.0
356,63,0.989850008289,0.988500006199,0.032657456116,0.0459054836091,10.0
357,64,0.990133341253,0.987600007057,0.0323011644512,0.0458593514161,10.0
358,65,0.989716675282,0.988600006104,0.031955256915,0.0432468313278,10.0
359,66,0.990083341897,0.988300006986,0.0312235031095,0.0450275008586,10.0
360,67,0.990566674471,0.988800007105,0.0298558004118,0.0458047011553,10.0
361,68,0.990750007629,0.986700009108,0.030289129166,0.0538725962435,10.0
362,69,0.990566674769,0.987900006771,0.0299110154478,0.045608037693,10.0
363,70,0.991350007753,0.988200006485,0.0290244685569,0.0446216306661,10.0
364,71,0.990933341086,0.988300008178,0.0292544085179,0.0485365920843,10.0
365,72,0.991500007212,0.989400007129,0.0280948999442,0.047305061947,10.0
366,73,0.991133341392,0.988000007868,0.029255634193,0.0435340142377,10.0
367,74,0.991333340605,0.989400006533,0.0276261611738,0.0440810645955,10.0
368,75,0.991800007224,0.99000000596,0.0267044690911,0.0444481050434,10.0
369,76,0.991616673668,0.989700006247,0.0264542917991,0.0445817910928,10.0
370,77,0.991933340728,0.988700006604,0.0266628058967,0.0485704927191,10.0
371,78,0.992283340494,0.988500007391,0.0249904628011,0.0447055036339,10.0
372,79,0.992350006898,0.989000006318,0.0258140646222,0.043960549245,10.0
373,80,0.992083340486,0.989100006819,0.0270026443672,0.0454979504079,10.0
374,81,0.991550006966,0.988500007987,0.0274282058221,0.0447980483408,10.0
375,82,0.991966673831,0.989100005627,0.0252760739271,0.046576593502,10.0
376,83,0.992316673299,0.989000006318,0.0242827878294,0.045917368345,10.0
377,84,0.992566673458,0.988500007391,0.0235828462884,0.0498659751218,10.0
378,85,0.992250006795,0.98890000701,0.0244736884158,0.0477603336336,10.0
379,86,0.992516673505,0.989500006437,0.0245613343977,0.0459268972951,10.0
380,87,0.992883339723,0.98900000751,0.0234752023395,0.0462520116187,10.0
381,88,0.992733340065,0.989000006914,0.0228555115142,0.0481384650974,10.0
382,89,0.993250005941,0.989500006437,0.0217170406335,0.0468984875708,10.0
383,90,0.992883339524,0.989100006819,0.0225056705716,0.0469548251504,10.0
384,91,0.993100006183,0.989400005341,0.022558942282,0.0482207829126,10.0
385,0,0.563516666375,0.924600003004,1.29843735749,0.25628576567,12.0
386,1,0.885049999952,0.954999997854,0.387891764164,0.151242902312,12.0
387,2,0.920583335042,0.964,0.269232464582,0.113835861715,12.0
388,3,0.936983333826,0.966800000191,0.216668726362,0.10727316266,12.0
389,4,0.945449996233,0.972499996901,0.186111127064,0.0886042540725,12.0
390,5,0.952649996758,0.976300002575,0.165733786479,0.0789068995921,12.0
391,6,0.955416662574,0.97920000267,0.153365560569,0.0721972880838,12.0
392,7,0.960899996638,0.978000001669,0.136192819692,0.0776083081889,12.0
393,8,0.962849997044,0.980900001764,0.126632644832,0.0662566268311,12.0
394,9,0.964466663241,0.980400002241,0.119584625505,0.0721100577931,12.0
395,10,0.967966664791,0.981700003862,0.111936106116,0.0628690386722,12.0
396,11,0.970766667962,0.982200004816,0.105337570945,0.0622858547369,12.0
397,12,0.971600000501,0.98420000577,0.100223108225,0.0571166281201,12.0
398,13,0.971600001574,0.984900004387,0.0966339750607,0.0547991739042,12.0
399,14,0.973650002599,0.984600004673,0.0902632491887,0.0532293949102,12.0
400,15,0.973950001359,0.983600002766,0.0911759999655,0.0566352371028,12.0
401,16,0.976166671276,0.98540000391,0.0827514381744,0.0520418340105,12.0
402,17,0.976833337307,0.984500005484,0.081130384285,0.0555629096297,12.0
403,18,0.977516670942,0.985900002003,0.0779730301369,0.0526678672709,12.0
404,19,0.978583338141,0.986500005007,0.0759433783721,0.0501081047643,12.0
405,20,0.979183339119,0.986300005198,0.071749339819,0.0512435229791,12.0
406,21,0.979466672778,0.986500004292,0.069978149361,0.049029340714,12.0
407,22,0.980950006008,0.985900006294,0.0678807343701,0.0508767068215,12.0
408,23,0.981066673398,0.987100003004,0.0680173389129,0.0483864489924,12.0
409,24,0.981116673231,0.987600006819,0.0646497471575,0.0455945245344,12.0
410,25,0.980966673136,0.987100004435,0.064810845566,0.0459847040665,12.0
411,26,0.981883339763,0.986400003672,0.0618439864749,0.047946352446,12.0
412,27,0.983600008249,0.987100005865,0.0574588509621,0.0496373030908,12.0
413,28,0.982883341074,0.988000004292,0.0565037436211,0.0443379180209,12.0
414,29,0.983800006986,0.987300004244,0.0563613241469,0.0458408719904,12.0
415,30,0.983783341289,0.988200004816,0.0547552592987,0.0460663032009,12.0
416,31,0.983800007939,0.987400002718,0.0533932239255,0.0451663891607,12.0
417,32,0.985433341742,0.988400004625,0.0508988649342,0.0449708267907,12.0
418,33,0.984483340979,0.987600003958,0.0519941252517,0.045024381305,12.0
419,34,0.985433341861,0.987700005293,0.050010901039,0.0468874266215,12.0
420,35,0.985950008631,0.989000004053,0.0494315296188,0.045754550428,12.0
421,36,0.986150007963,0.988000004292,0.0484213337793,0.0419484504575,12.0
422,37,0.986483342409,0.988400006056,0.0453017990133,0.0455580711496,12.0
423,38,0.98630000782,0.987800003767,0.0439948923034,0.0497936664916,12.0
424,39,0.986966674566,0.988700005054,0.0432152771563,0.0456096133516,12.0
425,40,0.987333342075,0.988700003624,0.0432607974173,0.0447797227557,12.0
426,41,0.986866674185,0.988400006056,0.0437117383266,0.0464671523512,12.0
427,42,0.987983341813,0.989400006533,0.0417963572303,0.0413643706814,12.0
428,43,0.987183341146,0.988000002861,0.0430646562451,0.0449034091327,12.0
429,44,0.988250007629,0.989300004482,0.039140079547,0.0456873311808,12.0
430,45,0.987300008535,0.99000000453,0.0408091314989,0.042829520499,12.0
431,46,0.988616674304,0.99000000596,0.0363508813079,0.0400220591363,12.0
432,47,0.989000007033,0.989600004911,0.0363788791541,0.0437246830613,12.0
433,48,0.989083341599,0.989100003958,0.0370823790552,0.0435929547064,12.0
434,49,0.989350008011,0.988900004148,0.0365839438913,0.0430996548008,12.0
435,50,0.989083341241,0.989600004911,0.0358067203616,0.0424908025369,12.0
436,51,0.990200007558,0.990000005245,0.0332764912369,0.0444216787936,12.0
437,52,0.989033341408,0.989200003862,0.0350330925854,0.0444371263829,12.0
438,53,0.989500007153,0.989400004387,0.0334344245936,0.0459621253124,12.0
439,54,0.989966674685,0.988600003719,0.0348553698538,0.0439495178866,12.0
440,55,0.990300007939,0.988500003815,0.0336331063199,0.0451727079958,12.0
441,56,0.990133340836,0.988100002766,0.0319169301944,0.0455071177136,12.0
442,57,0.990766674161,0.989100005388,0.0307534538959,0.0458909533112,12.0
443,58,0.990633340836,0.99000000596,0.0301277341277,0.0415861816475,12.0
444,59,0.990816672564,0.98990000391,0.0303818259109,0.0453993499597,12.0
445,60,0.990950006962,0.988700005054,0.0298940781621,0.0452263334361,12.0
446,61,0.99170000577,0.989200005293,0.027626856725,0.0445424576649,12.0
447,62,0.991100007057,0.989100005388,0.0276568508963,0.0469652089912,12.0
448,0,0.460916667399,0.891499995828,1.59711105857,0.417484602273,14.0
449,1,0.844966667831,0.937099996328,0.516481000632,0.204752673883,14.0
450,2,0.899349998732,0.955899995565,0.343666931748,0.152730336742,14.0
451,3,0.919516662518,0.961999996305,0.274553820158,0.12234363531,14.0
452,4,0.930449996511,0.968599993825,0.235542202458,0.105309311215,14.0
453,5,0.938883329133,0.970899994016,0.210768554084,0.0988727448767,14.0
454,6,0.945133328636,0.972699992657,0.191356604743,0.0919246027664,14.0
455,7,0.949266662717,0.97449999547,0.176424270272,0.0851671615237,14.0
456,8,0.953866663675,0.976299997449,0.160883695335,0.0800541998238,14.0
457,9,0.955549995482,0.977599993825,0.154436058886,0.0765586166111,14.0
458,10,0.958916661461,0.977999994636,0.144774298386,0.0746864850441,14.0
459,11,0.95991666158,0.978599996686,0.139295691166,0.0714625434783,14.0
460,12,0.962816661179,0.979499994755,0.129259927779,0.072503242381,14.0
461,13,0.963849993845,0.978799997926,0.128203654091,0.069094179892,14.0
462,14,0.965899993618,0.98039999783,0.121003873123,0.0658397334574,14.0
463,15,0.967133328835,0.981099997997,0.115050197816,0.0661661423033,14.0
464,16,0.968099995414,0.980599998236,0.113296870972,0.0666835278808,14.0
465,17,0.969316661437,0.97969999516,0.106351959037,0.0665377054642,14.0
466,18,0.970499994457,0.982399996877,0.103963905913,0.0607163625512,14.0
467,19,0.971133326809,0.982899998307,0.0996272639558,0.0599388655615,14.0
468,20,0.971483326336,0.981999997735,0.0974542121695,0.0611363248466,14.0
469,21,0.973549993436,0.982999997258,0.0921560423424,0.061482906707,14.0
470,22,0.974216659268,0.982199994802,0.0925200026377,0.0599217681105,14.0
471,23,0.97371666199,0.98179999733,0.0910275029987,0.0607505484422,14.0
472,24,0.97536665982,0.982499996662,0.0887424575171,0.0596057419482,14.0
473,25,0.97473332562,0.984599998832,0.0876619890394,0.055851692307,14.0
474,26,0.975533325473,0.983399998069,0.0851181296747,0.0592599461332,14.0
475,27,0.976549993118,0.983499997854,0.0841373338755,0.0550739239154,14.0
476,28,0.977099993765,0.985299998164,0.0791375577052,0.0546764047982,14.0
477,29,0.976899992545,0.984499997377,0.0784993874555,0.057630679598,14.0
478,30,0.976799992899,0.98539999795,0.079485850558,0.0520010298972,14.0
479,31,0.977799993257,0.984799997568,0.0763898083149,0.0543503051859,14.0
480,32,0.978216659824,0.985099996924,0.0742073260661,0.0553053825272,14.0
481,33,0.978766659081,0.984999997973,0.0728212230457,0.053182727119,14.0
482,34,0.980066660345,0.983799996376,0.0701543472183,0.0538136312064,14.0
483,35,0.979533324818,0.986199997902,0.070006465557,0.05170707663,14.0
484,36,0.980116660376,0.98509999609,0.0669413863566,0.0513118215799,14.0
485,37,0.980283327083,0.984999996305,0.0654873358744,0.0548933728388,14.0
486,38,0.97981665959,0.985199999213,0.0670793189546,0.0532279341244,14.0
487,39,0.981183326542,0.983999995947,0.064672102193,0.0556993892225,14.0
488,40,0.981733324111,0.985299998164,0.0627017727702,0.0527098369536,14.0
489,41,0.981966661255,0.985899997711,0.0625267843623,0.0517066367257,14.0
490,42,0.981783326666,0.985499997735,0.0615134311231,0.0497692558769,14.0
491,43,0.982183326066,0.986299999356,0.0614992114003,0.0509198127461,14.0
492,44,0.982749993185,0.985599995852,0.0600870057166,0.0501807779236,14.0
493,45,0.982883325676,0.98579999876,0.0585121675747,0.0525518055207,14.0
494,46,0.983049994648,0.9868999964,0.0589182439794,0.0536338794391,14.0
495,47,0.983849994441,0.986499996424,0.0548405817486,0.0516112102606,14.0
496,48,0.983516660154,0.986999996185,0.0566182967698,0.0510739887933,14.0
497,49,0.983666659435,0.985799996257,0.0564406115686,0.051692297486,14.0
498,50,0.984116658608,0.987199997425,0.052997133092,0.0529040297937,14.0
499,51,0.984466659804,0.986299999356,0.0536297195534,0.0529633752722,14.0
500,52,0.984749993742,0.986899995565,0.0519722025984,0.0506110852414,14.0
501,53,0.984983325919,0.986099998116,0.0504027839348,0.0523845474715,14.0
502,54,0.985399994592,0.986300000191,0.0486568785693,0.0515199985269,14.0
503,55,0.984949993491,0.986599993706,0.0514318958234,0.0506021323612,14.0
504,56,0.984566660662,0.986199996233,0.052816425737,0.0505689925072,14.0
505,57,0.985999993861,0.987399994493,0.0473610788677,0.0518052287671,14.0
506,58,0.986116660118,0.987299998045,0.0478913700501,0.0511149254373,14.0
507,59,0.985783327659,0.98699999702,0.0490987014668,0.0509872630015,14.0
508,60,0.986216662447,0.986199998736,0.0468620893335,0.0517105106321,14.0
509,61,0.986716661235,0.987499995112,0.0442503947472,0.0539033158194,14.0
510,62,0.986433327794,0.987000000358,0.0451991837453,0.0494112798427,14.0
511,63,0.987116661867,0.987099995971,0.0446808282608,0.0520304127031,14.0
512,64,0.986666661342,0.98759999907,0.0446835321328,0.0491225638247,14.0
513,65,0.987233327627,0.986899994731,0.0427758701298,0.0519772950577,14.0
514,66,0.987416660964,0.986999996185,0.0433162781854,0.0490798857346,14.0
515,67,0.987083328088,0.986099995613,0.0427370237993,0.0497577980367,14.0
516,68,0.987599995017,0.987499993443,0.0415711302959,0.0500911876035,14.0
517,69,0.987499995788,0.987699997187,0.0412119489252,0.0492202093942,14.0
518,70,0.987883328875,0.986299999356,0.0403518166134,0.0521892483693,14.0
519,71,0.98756666108,0.986499995589,0.0420998901962,0.056581502921,14.0
520,72,0.987999995112,0.987599996567,0.0388610999479,0.0501450433919,14.0
521,73,0.987816663563,0.986799997449,0.0396636378668,0.050554554454,14.0
522,74,0.988299996177,0.987299995542,0.0382886585502,0.0542219547442,14.0
523,75,0.988883328517,0.987299995542,0.0377212290804,0.0526572062774,14.0
524,76,0.989083327254,0.987099999309,0.037589918636,0.048851142542,14.0
525,77,0.989333328525,0.987899995923,0.0355588434778,0.0497878713067,14.0
526,78,0.989066663126,0.987199994087,0.0364405661297,0.0514549162746,14.0
527,79,0.988999995232,0.987399993658,0.0355629706495,0.0502730209342,14.0
528,80,0.988933328986,0.987099995971,0.0377234559013,0.0492210097392,14.0
529,81,0.989166663627,0.987799996138,0.0355995532519,0.0504600823802,14.0
530,82,0.989366663039,0.98669999516,0.0359309270415,0.0547693444615,14.0
531,83,0.989799997548,0.988799993992,0.0343182382939,0.0501820052091,14.0
532,84,0.990166664402,0.987699998021,0.0336380982206,0.0506136153568,14.0
533,85,0.989899996897,0.988000000715,0.0326837336604,0.0520662034875,14.0
534,86,0.990116662006,0.987499997616,0.0337701027239,0.0509252169977,14.0
535,87,0.989816665431,0.987599994898,0.0336197818995,0.0480081803026,14.0
536,88,0.990533330838,0.986599997044,0.0323723394458,0.0499903127905,14.0
537,89,0.990699996988,0.98739999783,0.031323304961,0.0504397139678,14.0
538,90,0.990183330735,0.987299993873,0.0325942205712,0.0522391787747,14.0
539,91,0.990516665578,0.988399999022,0.031581414429,0.0506276837343,14.0
540,92,0.989583330651,0.986799998283,0.0336282491431,0.0519312867008,14.0
541,93,0.990333329717,0.986599995375,0.0323382392568,0.0532702599546,14.0
542,94,0.990016662876,0.988099997163,0.0333440185463,0.0528260539774,14.0
543,95,0.990316663643,0.987799997807,0.0313697619077,0.0524682852745,14.0
544,96,0.991266663969,0.987699998021,0.0292474718743,0.0523422843957,14.0
545,97,0.990233330091,0.987299996376,0.0320426981396,0.0518281261992,14.0
546,98,0.991149997969,0.987799999475,0.0276862075876,0.051670125892,14.0
547,99,0.991533331593,0.987399994493,0.0274756541083,0.0506173363698,14.0
548,0,0.354933333337,0.836600000381,1.8679231542,0.596802946568,16.0
549,1,0.800750000318,0.924299996376,0.648040333748,0.25074188751,16.0
550,2,0.880900000731,0.943700000286,0.405875778437,0.18796020335,16.0
551,3,0.906566666444,0.954899998665,0.319185180545,0.140966243342,16.0
552,4,0.92118333292,0.96440000248,0.270487823526,0.119410599582,16.0
553,5,0.932216667811,0.96409999752,0.235863236606,0.112292945862,16.0
554,6,0.938083332698,0.96840000248,0.213513991753,0.102490951898,16.0
555,7,0.943266667048,0.969799998283,0.19555306232,0.0929994181264,16.0
556,8,0.947566668193,0.973500001907,0.1793597157,0.0858922997154,16.0
557,9,0.952916665872,0.974299993515,0.166277638555,0.0845775060598,16.0
558,10,0.954400000413,0.972899998665,0.157479531646,0.0847894156026,16.0
559,11,0.956483333906,0.977500000954,0.151145537208,0.077873364978,16.0
560,12,0.958916664124,0.976699998856,0.144141844213,0.076240158191,16.0
561,13,0.96126666673,0.979499998093,0.138176220407,0.0707896094408,16.0
562,14,0.961883334796,0.978699996948,0.133664529949,0.0676696284604,16.0
563,15,0.962850001017,0.979100000858,0.127305244883,0.0709679805618,16.0
564,16,0.963916666349,0.98009999752,0.126338861153,0.0654385186399,16.0
565,17,0.965416665872,0.980799998283,0.119520810833,0.0635396645379,16.0
566,18,0.96705000035,0.980299996376,0.113884407406,0.0623034297146,16.0
567,19,0.967483332793,0.980499997139,0.112756532957,0.067435098211,16.0
568,20,0.968683334192,0.980099999428,0.107911037251,0.0626355122059,16.0
569,21,0.969366667747,0.981199998856,0.107324739287,0.0652832566446,16.0
570,22,0.970650000413,0.981699995518,0.101506867285,0.0610313638203,16.0
571,23,0.969433333556,0.982899999142,0.104263822481,0.060639157586,16.0
572,24,0.971966668129,0.982499998093,0.0970960999181,0.0593633854749,16.0
573,25,0.971666667779,0.983299996853,0.0959272627085,0.0575094919017,16.0
574,26,0.972250000318,0.982599993229,0.0958937835842,0.0572725614195,16.0
575,27,0.973166667938,0.983599999428,0.0904632104933,0.0565697239682,16.0
576,28,0.974416666985,0.982100000381,0.0896676937292,0.059157888605,16.0
577,29,0.974299999555,0.983199996948,0.0889508020977,0.0565045871228,16.0
578,30,0.973950000604,0.982699999332,0.0888192905982,0.0588665193114,16.0
579,31,0.975850000223,0.984,0.0833081944486,0.0547157972495,16.0
580,32,0.976849999428,0.983999997139,0.0815466741472,0.0557626927322,16.0
581,33,0.976250000477,0.982599997997,0.0807625251512,0.0605363472507,16.0
582,34,0.977050001462,0.983399998665,0.0790487491935,0.0578659310732,16.0
583,35,0.976766667843,0.983299997807,0.0798669635206,0.0563912906046,16.0
584,36,0.97796666797,0.983800001144,0.0776674461514,0.0536483936558,16.0
585,37,0.978449999968,0.985199997902,0.0751614359319,0.052122216813,16.0
586,38,0.97881666708,0.984399997711,0.0733352021798,0.0564832554866,16.0
587,39,0.97910000054,0.984099995613,0.0715883787374,0.0552984389273,16.0
588,40,0.979350000223,0.985499995232,0.0718498836458,0.0500986289437,16.0
589,41,0.980333333492,0.984999998093,0.069680061996,0.0521339763174,16.0
590,42,0.979649999777,0.985699997902,0.0698836271514,0.0527975825359,16.0
591,43,0.979216667334,0.98429999733,0.0693571529165,0.0532880456122,16.0
592,44,0.980499999205,0.985399997711,0.0663804457262,0.0518920078016,16.0
593,45,0.979983332157,0.985299998283,0.0657536310082,0.0512726025743,16.0
594,46,0.980816666921,0.984399996758,0.0655741589343,0.05273955842,16.0
595,47,0.980533331871,0.984499999046,0.0656841444299,0.0554539332656,16.0
596,48,0.981333334446,0.985399993896,0.0647412118961,0.0509153228349,16.0
597,49,0.981366666953,0.984499997139,0.0630047854831,0.0527910253041,16.0
598,50,0.982283334096,0.984799998283,0.0595949547589,0.0511663380427,16.0
599,51,0.98279999876,0.98559999752,0.0596245524585,0.0533710786185,16.0
600,52,0.982933332602,0.984599996567,0.059476439784,0.0565889956034,16.0
601,53,0.983333332856,0.984899996758,0.0583662976871,0.050242420026,16.0
602,54,0.983399998665,0.985099996567,0.056783958743,0.0505297647476,16.0
603,55,0.982766664823,0.984899993896,0.0577197917377,0.0529214393086,16.0
604,56,0.984216664632,0.985899996758,0.0549930031076,0.051263696302,16.0
605,57,0.983366665363,0.98579999733,0.0570983424013,0.0503347230499,16.0
606,58,0.983383332253,0.986100000381,0.0553104180669,0.0494230197011,16.0
607,59,0.984749997139,0.986199999809,0.0523765185761,0.0491782483136,16.0
608,60,0.985233331998,0.98579999733,0.051628041096,0.0540267640643,16.0
609,61,0.983866666317,0.985999998093,0.0535790461699,0.0509552357604,16.0
610,62,0.984649998188,0.986699997902,0.0509104365508,0.0506437585672,16.0
611,63,0.984599997997,0.985399999619,0.0522455522108,0.0505601500835,16.0
612,64,0.984416664759,0.984499997139,0.0514969369893,0.055187662832,16.0
613,65,0.984666665395,0.98589999485,0.0517508206541,0.0512586279174,16.0
614,66,0.985216664314,0.986999997139,0.049183078751,0.0468268580791,16.0
615,67,0.984883331776,0.987199996948,0.0482639182818,0.0504600901714,16.0
616,68,0.986016664028,0.98709999752,0.0480126318422,0.0472796498318,16.0
617,69,0.986216664632,0.986699995995,0.0474918081388,0.0507357112087,16.0
618,70,0.986166664124,0.985699997902,0.0465404471258,0.0524054562603,16.0
619,71,0.985733330091,0.986599996567,0.0468499819276,0.0506096613507,16.0
620,72,0.986266664823,0.986299996376,0.0458643779022,0.0509403953069,16.0
621,73,0.986233331362,0.985799994946,0.0467409334177,0.0524521644608,16.0
622,74,0.986599997362,0.985399997711,0.0461881809073,0.0523467701766,16.0
623,75,0.986566663901,0.987499997139,0.045032209759,0.0494295674707,16.0
624,76,0.986366663933,0.986999997139,0.045244328058,0.0504485284598,16.0
625,77,0.987199998538,0.987099995613,0.043618858158,0.0474957334419,16.0
626,78,0.986999996503,0.986699997902,0.0438201600562,0.0481168604645,16.0
627,79,0.987833329837,0.987199996948,0.04060699211,0.0497422751093,16.0
628,80,0.987166663647,0.986599994659,0.0423192532212,0.0512604252762,16.0
629,81,0.98719999663,0.98729999733,0.042323181053,0.046328021488,16.0
630,82,0.988149996281,0.986499996185,0.0397555633051,0.0497452522603,16.0
631,83,0.98763333114,0.985899995804,0.0406672928445,0.0484002669245,16.0
632,84,0.988116664092,0.987799995422,0.0395927037373,0.048101773712,16.0
633,85,0.98838332955,0.985900000572,0.038236534711,0.0508780003798,16.0
634,86,0.988699995836,0.986499997139,0.0379997680777,0.0497391576949,16.0
635,87,0.988566662153,0.987299998283,0.0384773806085,0.0483131541485,16.0
636,88,0.988066663424,0.985999998093,0.0390935346391,0.0517101189002,16.0
637,89,0.988249996503,0.987299994469,0.0397957649889,0.0522205551889,16.0
638,90,0.988383327643,0.988599994659,0.037463459755,0.0477561473668,16.0
639,91,0.989216662407,0.987199997902,0.0357592114899,0.0494952119208,16.0
640,92,0.989933329264,0.98779999733,0.0338896770533,0.0503060553509,16.0
641,93,0.989016662757,0.987099995613,0.0355766368173,0.0501197483568,16.0
642,94,0.989116661549,0.98709999752,0.035548490035,0.0507067674086,16.0
643,95,0.989233328819,0.986899996758,0.0354211769744,0.0497800700798,16.0
644,96,0.989916661739,0.987499996185,0.0336698178115,0.0487866035481,16.0
645,97,0.988799994151,0.987099999428,0.0352680217354,0.0495679186106,16.0
646,98,0.989349996249,0.987199995041,0.0372347180943,0.0513942481196,16.0
647,99,0.989733327389,0.98729999733,0.034097005818,0.0493698463988,16.0
648,100,0.989583327134,0.987399997711,0.0353430919529,0.0503829220364,16.0
649,101,0.989366662502,0.987000000954,0.0336931637259,0.0500038668965,16.0
650,102,0.990366661549,0.986699997902,0.0327206678403,0.0496769947718,16.0
651,103,0.989899995486,0.987499998093,0.0323232270253,0.0492041939646,16.0
652,104,0.990283329964,0.987399997711,0.0328989279649,0.0503049667858,16.0
653,105,0.990449995836,0.986299996376,0.0318582363625,0.0522016184407,16.0
654,106,0.990733327866,0.98790000248,0.0317674738845,0.0512637755441,16.0
655,0,0.312583336361,0.778500001073,1.97301852155,0.877291985631,18.0
656,1,0.757400002003,0.903799999475,0.776681737751,0.319589895457,18.0
657,2,0.862116667688,0.936099997759,0.460652993888,0.210743155874,18.0
658,3,0.892333333015,0.950399995923,0.359709909335,0.161940893653,18.0
659,4,0.91129999876,0.955699995875,0.301994572893,0.139113156251,18.0
660,5,0.922549998462,0.958999991655,0.260915426053,0.12809863208,18.0
661,6,0.929583329499,0.960599994063,0.239663509503,0.126509301184,18.0
662,7,0.935383328617,0.967299995184,0.219154257216,0.105086594223,18.0
663,8,0.941116662502,0.96879999125,0.20256234812,0.0977523369824,18.0
664,9,0.945299995899,0.966799989104,0.187174957037,0.0988113294536,18.0
665,10,0.947883329272,0.968599992394,0.176259732001,0.0962034336948,18.0
666,11,0.950166661739,0.971299993157,0.169974749528,0.0871729812087,18.0
667,12,0.953616663158,0.97459999454,0.157926540848,0.0854191325302,18.0
668,13,0.95588332808,0.975499994755,0.153547331728,0.0787789598301,18.0
669,14,0.958383328855,0.978199991465,0.145678334408,0.0751317594926,18.0
670,15,0.959083328605,0.978299989939,0.143517768297,0.0755608497164,18.0
671,16,0.960616659999,0.978999996066,0.136149141371,0.0733186804875,18.0
672,17,0.961733327866,0.978999990344,0.130671945728,0.0723306959653,18.0
673,18,0.962966661751,0.976999991536,0.129010223508,0.0751227666193,18.0
674,19,0.963466660976,0.978899990439,0.126430731762,0.0692426952323,18.0
675,20,0.965166661024,0.979299994349,0.121756966393,0.0694172700537,18.0
676,21,0.965599995017,0.979399995685,0.118779333066,0.0701711920834,18.0
677,22,0.965899994135,0.980999990225,0.117045301342,0.0661115209461,18.0
678,23,0.967716660082,0.9797999928,0.112175236531,0.0655036966751,18.0
679,24,0.967683327138,0.981199996114,0.11052864315,0.0658735407668,18.0
680,25,0.968866661251,0.981199992895,0.108269799057,0.063965007783,18.0
681,26,0.969766662717,0.981499992967,0.105013085783,0.0602349814908,18.0
682,27,0.970033327401,0.978699992776,0.105590490788,0.0693140321003,18.0
683,28,0.971649996221,0.982399991751,0.0990820795037,0.0601720824211,18.0
684,29,0.971083327055,0.980799990773,0.099427299764,0.0644715557938,18.0
685,30,0.972649994016,0.981799994469,0.0952515590061,0.0600823736284,18.0
686,31,0.973683327734,0.981599991798,0.0907747389898,0.0645155178396,18.0
687,32,0.973399993598,0.982999994397,0.0923610284291,0.060330159525,18.0
688,33,0.973899994731,0.982399991393,0.0915951667819,0.058706604957,18.0
689,34,0.973916661441,0.982499988794,0.0893576351684,0.058654875034,18.0
690,35,0.975516660571,0.982999992251,0.0858841376677,0.0575885106635,18.0
691,36,0.974649995208,0.983599992752,0.0890063026156,0.0571145593172,18.0
692,37,0.975533328533,0.982599991202,0.0859527776949,0.057092433037,18.0
693,38,0.975366660058,0.983499992132,0.0858354885187,0.0545788097732,18.0
694,39,0.975533328414,0.982999991894,0.0844634916773,0.0580674177398,18.0
695,40,0.976133327305,0.984599993944,0.0805296898428,0.0566465162867,18.0
696,41,0.977333325386,0.98419999218,0.0782628490962,0.055315470768,18.0
697,42,0.977716661215,0.982999995112,0.0780864230581,0.0557880960732,18.0
698,43,0.97751666224,0.98449999404,0.0781471541654,0.0550495174936,18.0
699,44,0.978166659892,0.983799991846,0.0772810406461,0.0544697909023,18.0
700,45,0.978016660094,0.983099993229,0.0746884154584,0.0551381883596,18.0
701,46,0.978166659355,0.98589999342,0.075659739716,0.0524748153821,18.0
702,47,0.977783327699,0.984999994278,0.0755354315732,0.0514312330842,18.0
703,48,0.979316660762,0.985699992537,0.0733555194279,0.0509208801462,18.0
704,49,0.978983327925,0.985399994254,0.0711201004935,0.0523951425231,18.0
705,50,0.979666658759,0.983799991131,0.0713631873168,0.0544335864553,18.0
706,51,0.97938332653,0.984799995542,0.0689247898478,0.0507611862081,18.0
707,52,0.979866661489,0.984799994469,0.0680957590677,0.0541591117999,18.0
708,53,0.98069999218,0.985399994254,0.0672927162731,0.0529423645211,18.0
709,54,0.980233326614,0.98509999311,0.0673962674113,0.0533780916004,18.0
710,55,0.980949992061,0.984699992418,0.0653829946332,0.054075897564,18.0
711,56,0.981233326495,0.984799994469,0.0649577577086,0.0537045556705,18.0
712,57,0.981199992776,0.985399994969,0.0637467513997,0.0510194130694,18.0
713,58,0.981183326066,0.98349999249,0.0652540686605,0.0569922358873,18.0
714,59,0.982266659558,0.984699994206,0.0620962785389,0.0553339029039,18.0
715,60,0.982049992263,0.985399989605,0.0608759964006,0.0517326159482,18.0
716,61,0.98191666168,0.986199995995,0.062997504944,0.049770353523,18.0
717,62,0.981616659403,0.985399994254,0.0626320579154,0.050162797521,18.0
718,63,0.982049991786,0.984799992323,0.0628041277016,0.0533487823759,18.0
719,64,0.982099993885,0.985299993634,0.0588116572769,0.052712168467,18.0
720,65,0.982499993682,0.985499993086,0.0598308416139,0.0494444789253,18.0
721,66,0.982699991643,0.984399990201,0.0578484313311,0.0518130331004,18.0
722,67,0.983133325994,0.98499999392,0.0573873347053,0.0508852854644,18.0
723,68,0.982399992347,0.983899994254,0.057515896989,0.0547602134791,18.0
724,69,0.984033325613,0.984899992585,0.0555329991663,0.0528912239986,18.0
725,70,0.984249993384,0.98499999392,0.0544454672355,0.0518513988847,18.0
726,71,0.983349992514,0.985499992013,0.0560963251805,0.047638042593,18.0
727,72,0.984099992275,0.985399994969,0.0559814960547,0.0509513742532,18.0
728,73,0.983716660023,0.986099993587,0.0553568212157,0.0481184802058,18.0
729,74,0.984083326697,0.985299992561,0.0546159629626,0.0535295242825,18.0
730,75,0.984283325255,0.985499994159,0.0520617065397,0.0518767920433,18.0
731,76,0.984083325744,0.98479999125,0.0535796641381,0.0524315807304,18.0
732,77,0.984616658568,0.985899993062,0.052463027074,0.0514552378568,18.0
